{
    "eta": 0.651794919411968,
    "p_0": 10997228.024258865,
    "T_0": 499.9808507871597,
    "x_0": 0.01673799099014041,
    "x_p": 0.5230114983506757,
    "v_p": 99.54418981073607,
    "t": 0.005712156887112714
}