{
    "eta": 0.6199656287151156,
    "p_0": 9951082.178862933,
    "T_0": 499.85262078415235,
    "x_0": 0.028422972457530674,
    "x_p": 0.7900938734875471,
    "v_p": 115.29192158463421,
    "t": 0.007444887764090269
}