{
    "eta": 0.6517931372006401,
    "p_0": 10999619.682240808,
    "T_0": 499.9698529461429,
    "x_0": 0.016732506076360468,
    "x_p": 0.514566021953257,
    "v_p": 99.53893243149619,
    "t": 0.005627440316386228
}