{
    "P": 50.08303492974609,
    "p_0": 11994539.12734254,
    "T_0": 285.2073597625106,
    "m_p": 1.0,
    "x_0": 0.4,
    "x_p": 0.6339814705128143,
    "v_p": 50.08303492974609,
    "t": 0.008119394386890706
}