{
    "P": 28.12468759212519,
    "p_0": 9997915.97298452,
    "T_0": 300.6077558029539,
    "m_p": 0.4,
    "x_0": 0.4,
    "x_p": 0.6178331343608884,
    "v_p": 70.31171898031297,
    "t": 0.00541310430198223
}