{
    "P": 39.847385728924905,
    "p_0": 9999751.304625887,
    "T_0": 498.15755515008476,
    "m_p": 0.39998326361542397,
    "x_0": 0.4,
    "x_p": 1.049838458970424,
    "v_p": 99.62263262904266,
    "t": 0.010222178640696794
}