{
    "P": 28.497129616822694,
    "p_0": 17984466.55615816,
    "T_0": 492.7136695362416,
    "m_p": 0.2997114274998228,
    "x_0": 0.25,
    "x_p": 0.7999857107688269,
    "v_p": 95.08189212051163,
    "t": 0.009155072423868224
}