{
    "P": 32.230523026433914,
    "p_0": 11998416.358288571,
    "T_0": 485.27066670967474,
    "m_p": 0.4993347443159829,
    "x_0": 0.3,
    "x_p": 0.9002138265734864,
    "v_p": 64.5469264723109,
    "t": 0.014880414078774244
}