{
    "eta": 0.5706661424621728,
    "p_0": 11986155.246428048,
    "T_0": 499.8902938322823,
    "x_0": 0.057434727349095265,
    "x_p": 0.700437829174018,
    "v_p": 175.6560955553367,
    "t": 0.004564921410747114
}