{
    "eta": 0.19935924956868148,
    "p_0": 11995271.817958213,
    "T_0": 336.47272825139487,
    "x_0": 0.4733736711682097,
    "x_p": 0.8768853208761853,
    "v_p": 200.0214121320249,
    "t": 0.0034382406903217867
}