{
    "eta": 0.2128025497332479,
    "p_0": 11999845.866869487,
    "T_0": 343.4562134641976,
    "x_0": 0.5249470823018683,
    "x_p": 1.0198279992349433,
    "v_p": 217.66329946554103,
    "t": 0.003836880645156527
}