{
    "eta": 0.4972485102916243,
    "p_0": 15998537.598694786,
    "T_0": 411.8908167802961,
    "x_0": 0.29652914675528697,
    "x_p": 3.399788710259887,
    "v_p": 239.9463926796497,
    "t": 0.01674414701401954
}