{
    "eta": 0.4974854934282463,
    "p_0": 15998711.272767548,
    "T_0": 425.5500552312188,
    "x_0": 0.30219427638932755,
    "x_p": 3.3955801026270556,
    "v_p": 242.28594200236455,
    "t": 0.016596163091450365
}