{
    "E_kin": 35800.8200051997,
    "p_0": 4998122.741940435,
    "T_0": 498.22024552465354,
    "m_p": 4.672423526900866,
    "x_0": 1,
    "x_p": 3.001283985992506,
    "v_p": 123.79137415046074,
    "t": 0.0258294618807547
}