{
    "E_kin": 35819.51058538477,
    "p_0": 4997755.829582469,
    "T_0": 497.8859828320213,
    "m_p": 4.975930166484401,
    "x_0": 1,
    "x_p": 3.000641332555578,
    "v_p": 119.98796376842097,
    "t": 0.026640099139004916
}