{
    "E_kin": 2745.9333086168153,
    "p_0": 11992335.961664487,
    "T_0": 494.4973263405057,
    "m_p": 0.39362265453811407,
    "x_0": 0.33,
    "x_p": 1.1995859731132756,
    "v_p": 118.11905057310267,
    "t": 0.011208810258324453
}