{
    "E_kin": 2679.267519926495,
    "p_0": 11985822.150146525,
    "T_0": 498.86538387051525,
    "m_p": 0.17889858049857088,
    "x_0": 0.33,
    "x_p": 1.2003061479313912,
    "v_p": 173.06912188668008,
    "t": 0.007640237123206003
}