{
    "E_kin": 2750.891793948766,
    "p_0": 11999514.329607494,
    "T_0": 498.72761968350466,
    "m_p": 0.39914272637083337,
    "x_0": 0.33,
    "x_p": 1.2005841344325623,
    "v_p": 117.40528361336385,
    "t": 0.011289310646362951
}