{
    "E_kin": 382.6795675944513,
    "p_0": 14992106.018924259,
    "T_0": 496.727146141183,
    "m_p": 0.011472083457806051,
    "x_0": 0.21,
    "x_p": 0.6515819606155784,
    "v_p": 258.2923158782938,
    "t": 0.0025482669291326653
}