{
    "E_kin": 382.16812580700366,
    "p_0": 14979031.60659161,
    "T_0": 494.16905856285985,
    "m_p": 0.011615565491437455,
    "x_0": 0.21,
    "x_p": 0.6520358510045998,
    "v_p": 256.52048371174743,
    "t": 0.002567394770832805
}