{
    "E_kin": 525.6086769999546,
    "p_0": 17994597.901332993,
    "T_0": 348.93237564135376,
    "m_p": 0.05,
    "x_0": 0.24,
    "x_p": 0.5172173473558594,
    "v_p": 144.9977485342382,
    "t": 0.003155252372918266
}