{
    "E_kin": 757.1620058417536,
    "p_0": 17991990.83419644,
    "T_0": 495.4399444758015,
    "m_p": 0.0525700971352365,
    "x_0": 0.24,
    "x_p": 0.7200489950665901,
    "v_p": 169.72273227743133,
    "t": 0.004454735782308074
}