{
    "P": 223.1849472148465,
    "p_0": 7998429.919922495,
    "T_0": 500.0,
    "m_p": 0.5,
    "x_0": 1.5,
    "x_p": 4.001013576811777,
    "v_p": 446.369894429693,
    "t": 0.00880124247538721
}