{
    "P": 189.38292079791617,
    "p_0": 5941579.901722706,
    "T_0": 500.0,
    "m_p": 0.5,
    "x_0": 1.5,
    "x_p": 3.5028649455778593,
    "v_p": 378.76584159583234,
    "t": 0.008589924815646608
}